pi_name,submissions,institute,nih_grant_count,nih_total_funding,nsf_award_count,nsf_total_funding,nih_grant_numbers,nsf_award_ids
Chris Johnson,1,Oklahoma State University,50,150319830,4,9300104,OT2OD036429; OT2OD026550; OT2OD026550; OT2OD026550; OT2OD026550; OT2OD026550; OT2OD036429; U58DP005956; OT2OD024610; P01AI089473; P01AI089473; P01AI089473; P01AI089473; P01AI089473; P01AI089473; P01AI089473; OT2OD024610; P01AI089473; P01AI089473; P01AI089473; OT2OD026550; U01AI151814; U01AI151814; U01AI151814; P41GM103545; U01AI151814; U01AI151814; P41RR012553; P41RR012553; P41GM103545; P41GM103545; P41GM103545; P41GM103545; P41RR012553; P41RR012553; P41RR012553; P41RR012553; P41RR012553; P41GM103545; P41RR012553; P41GM103545; P41RR012553; P41RR012553; P41RR012553; R24HS022417; R24HS022417; R24HS022417; R24HS022417; R24HS022417; P41GM103545,2412522; 2216947; 2215900; 2109860
Lennart Mucke,5,UCSF,50,85300639,0,0,P01AG073082; P01AG073082; P01AG073082; P01AG073082; P01AG073082; RF1AG063519; P01AG022074; RF1AG053981; P01AG022074; P01AG022074; P01AG022074; RF1AG083079; P01AG022074; P01AG022074; P01AG022074; P01AG022074; P01AG022074; P01AG022074; R56AG060631; P01AG073082; P01AG073082; P01AG073082; P01AG073082; P30NS069496; P30NS069496; P01AG073082; P30NS065780; P30NS065780; P30NS065780; P30NS065780; R01MH115679; P30NS065780; R01MH115679; R01MH115679; R01MH115679; R01MH115679; R01NS088532; R01NS088532; R01NS088532; R01NS088532; R01NS088532; R01NS043945; R01NS043945; R01NS041787; P01AG022074; R01NS041787; R37AG011385; R37AG011385; R21AG069183; R21AG085079,
Pamela Lein,1,"University of California, Davis",50,77409113,0,0,U54NS079202; U54NS079202; U54NS079202; U54NS079202; U54NS079202; U54NS079202; U54NS079202; U54NS079202; U54NS079202; U54NS079202; RF1AG056710; U54NS127758; U54NS127758; U54NS127758; U54NS127758; RF1AG074709; RF1NS130659; U54NS079202; U54NS079202; U54NS079202; U54NS079202; U54NS079202; R01ES014901; U54NS079202; U54NS079202; U54NS079202; U54NS079202; U54NS079202; R01AG074709; R01NS130659; R01AG074709; R01ES016308; R01ES016308; R01ES031098; R01ES014901; R01ES031098; R01ES031098; R01ES031098; R01ES031098; R01ES014901; R01ES014901; R01ES014901; R01ES014901; R01ES016308; R01ES016308; R01ES014901; R01ES014901; R01ES014901; R01ES014901; R01ES029213,
Deepak Srivastava,1,J. David Gladstone Institutes,50,72710080,0,0,P01HL146366; P01HL146366; P01HL146366; P01HL146366; P01HL146366; P01HL089707; P01HL089707; P01HL089707; P01HL089707; P01HL089707; U01HL098179; U01HL098179; P01HL089707; U01HL098179; P01HL089707; P01HL089707; P01HL089707; P01HL089707; U01HL098179; U01HL098179; U01HL100406; U01HL100406; U01HL100406; U01HL100406; U01HL100406; U01HL100406; U01HL100406; R24HL092851; R24HL092851; R24HL092851; UM1HL098179; UM1HL098179; UM1HL098179; UM1HL098179; UM1HL098179; R24HL092851; R01HL057181; R01HL057181; R01HL127240; R01HL163268; R01HL163268; R01HL057181; R01HL127240; R01HL163268; R01HL127240; R01HL127240; R01HL127240; R01HL150100; R01HL150100; R01HL150100,
Wallace Marshall,2,University of California San Francisco,50,15341421,3,44941776,R35GM130327; R35GM130327; R35GM130327; R35GM130327; R35GM130327; R35GM130327; R35GM130327; R35GM130327; P50GM081879; R01GM113602; R01GM113602; R01GM113602; R01GM113602; R01GM090305; R01GM090305; R01GM090305; R01GM090305; R01GM090305; R01GM097017; R01GM097017; R01GM097017; R01GM097017; P50GM081879; R01GM077004; R01GM077004; R01GM077004; R01GM077004; T32EB009383; T32EB009383; R01GM077004; R01GM077004; R01GM077004; R01GM077004; R01GM077004; R01GM097017; R01GM097017; R01GM097017; R01GM097017; T32EB009383; T32EB009383; T32EB009383; T32EB009383; R35GM130327; R03HD051583; R03HD051583; R03MH081217; R35GM130327; P41RR011823; P41RR011823; P41RR011823,2434588; 2317444; 1548297
Jennifer Doudna,1,UC Berkeley,50,45518947,1,800000,U19NS132303; U19NS132303; U19NS132303; RM1HG009490; RM1HG009490; RM1HG009490; RM1HG009490; RM1HG009490; P01GM073732; UH3AI150552; P01GM073732; P01GM073732; P01GM073732; UG3AI150552; UG3AI150552; UG3AI150552; R56AI095687; U19NS132303; P01GM073732; P01GM073732; R21AI159666; P01GM073732; P01GM073732; U19NS132303; U54AI170792; P01GM073732; U01AI142817; U01AI142817; U01AI142817; U01AI142817; U01AI142817; P50GM082250; P50GM082250; S10OD016268; U54AI170792; U54AI170792; R01GM073794; R01GM073794; R01GM073794; R21HL173710; R01GM065942; R01GM073794; U54AI170792; R01GM065942; R01GM065942; R01GM065942; P01GM022778; P01GM022778; P01GM022778; R21HL173710,2334028
Vojo Deretic,2,University of New Mexico,50,44137292,0,0,P20GM121176; P20GM121176; P20GM121176; P20GM121176; P20GM121176; P20GM121176; P20GM121176; P20GM121176; P20GM121176; P20GM121176; P20GM121176; R01AI111935; R01AI111935; R01AI111935; R01AI111935; R01AI111935; P20GM121176; P20GM121176; P20GM121176; P20GM121176; R01AI111935; R01AI111935; R01AI111935; R01AI111935; R01AI111935; UH2AI122313; R37AI042999; R37AI042999; R37AI042999; R37AI042999; P20GM121176; P20GM121176; UH2AI122313; R01AI042999; RC1AI086845; RC1AI086845; R01AI042999; R37AI042999; R37AI042999; R37AI042999; R37AI042999; R37AI042999; R01AI042999; R01AI042999; R01AI042999; R01AI042999; R01AI042999; R01AI042999; R01AI045148; R01AI045148,
Steve George,20,"University of California, Davis",50,39816514,0,0,UC4DK104202; UH3AT009790; UH3AT009790; UH3AT009790; UH3AT009790; UG3HL141800; UG3HL141800; UH3HL141800; UH3HL141800; UH3HL141800; UC4DK104202; R01HL070645; R01AI183645; R01AI183645; UG3AT009790; UG3AT009790; R01HL070645; UH2TR000481; UH3TR000481; UH3TR000481; UH3TR000481; UH3HL141800; UH2TR000481; R01EB030410; R01AR055899; R01AR055899; R01AR055899; R01EB030410; R01AR081796; R01EB030410; R01AR055899; R01AR055899; R01AR081796; R01AR081796; R01EB030410; R01AR055899; RC1ES018361; RC1ES018361; R01AR055899; R01AR055899; R01HL067954; R01AR055899; R01AR055899; R01HL067954; R01HL067954; R01HL067954; R01HL067954; R01HL067954; R01HL067954; R01HL067954,
Steven George,4,UC Davis,50,39816514,0,0,UC4DK104202; UH3AT009790; UH3AT009790; UH3AT009790; UH3AT009790; UG3HL141800; UG3HL141800; UH3HL141800; UH3HL141800; UH3HL141800; UC4DK104202; R01HL070645; R01AI183645; R01AI183645; UG3AT009790; UG3AT009790; R01HL070645; UH2TR000481; UH3TR000481; UH3TR000481; UH3TR000481; UH3HL141800; UH2TR000481; R01EB030410; R01AR055899; R01AR055899; R01AR055899; R01EB030410; R01AR081796; R01EB030410; R01AR055899; R01AR055899; R01AR081796; R01AR081796; R01EB030410; R01AR055899; RC1ES018361; RC1ES018361; R01AR055899; R01AR055899; R01HL067954; R01AR055899; R01AR055899; R01HL067954; R01HL067954; R01HL067954; R01HL067954; R01HL067954; R01HL067954; R01HL067954,
Satya Dandekar,1,UC Davis MED:MEDICAL MICROBIOLOGY&IMM,50,31854508,0,0,U19AI166798; U19AI166798; U19AI166798; U19AI166798; U19AI166798; R37AI153025; R01AI123105; R37AI153025; R56AI120739; R01AI123105; R37AI153025; R01AI123105; R37AI153025; R01AI123105; R37AI153025; R01AI123105; R37AI153025; R37AI153025; R01AI043274; R01AI043274; R01AI043274; R01AI043274; U19AI166798; R01AI043274; R01DK061297; R01AI043274; R01DK061297; R01DK043183; R01DK043183; R01DK043183; R01DK043183; U19AI166798; R01AI043274; U19AI166798; U19AI166798; R01DK043183; U19AI166798; R01AI043274; R01DK061297; R01DK061297; R01DK061297; R01DK061297; R01DK061297; R01DK061297; R01DK043183; R01DK061297; R01DK043183; R01DK043183; R01DK043183; R01DK043183,
Christopher Donnelly,1,"Department of Neurobiology, University of Pittsburgh School of Medicine",37,31602725,0,0,UC2AR082197; UC2AR082197; RF1AG090910; R01NS127187; R01NS127187; R01NS127187; R01NS127187; R01NS127187; R01DE031053; R01DE031053; R01DE031053; R01DE031053; R01DE032227; T32NS086749; R01DE032227; R01DE032227; R01DE032227; R21NS133676; R01NS105756; R01NS105756; R01NS105756; R01NS105756; R01NS105756; R01DE026728; R21NS098379; R21NS141767; R21NS100055; R21AG064940; R21NS098379; R21NS100055; R21NS141767; R21AG064940; F30DE023479; F30DE023479; F30DE023479; R01NS105756; F30DE023479,
Kit Lam,2,"Department of Biochemistry and Molecular Medicine, UC Davis",50,29693218,0,0,R44CA257683; U19CA113298; U19CA113298; U19CA113298; U19CA113298; U19CA113298; R01MH138582; UG3TR002866; R44CA257683; UG3TR002866; UG3TR002866; U01NS090581; U01NS090581; U01NS090581; R56AI180052; R01CA298815; R01EB012569; U01CA198880; U01CA198880; U01CA198880; U01CA198880; R01CA247685; R01CA247685; U01CA198880; R01CA247685; R01CA247685; R01EB012569; R01CA247685; R01EB012569; R01EB012569; R01EB012569; R01EB012569; R01EB012569; R01EB012569; R33EB002127; U19CA113298; U19CA113298; U19CA113298; R44CA257683; R33CA196445; R21NS072084; R33CA196445; R21NS072084; R33CA196445; R33CA099136; R33CA099136; R33CA099136; R33CA160132; R01CA115483; R01CA115483,
Eva Ge,1,University of North Carolina at Charlotte,50,25932405,0,0,DP2OD001210; R44CA203090; R44CA144817; R44CA144817; R44CA144817; R44CA203090; R44CA298498; R01DK116963; R01MH077770; R01MH077770; R01MH077770; U01DK108323; R01DK116963; R01DK116963; R01MH077770; R15GM160944; U01DK108323; U01DK127382; R44CA144817; R01MH077770; R41NS124450; U01DK108323; U01DK108323; U01DK108323; U01DK108323; U01DK108323; U01DK108323; U01DK108323; R01DK132709; U01DK108323; R43HL137545; R01DK132709; R01DK132709; U44NS130589; U44NS130589; U44NS130589; R41CA213544; R41CA203090; U01DK108323; U01DK127382; U01DK127382; U01DK127382; U01DK127382; U01DK127382; U01DK108323; N01HV062905; R41HD089823; C; U01DK108323; R43CA144817,
Sam Pleasure,1,University of California San Francisco,50,23822733,0,0,RM1NS138808; R01MH122471; R01MH122471; R01MH122471; R01MH122471; R01MH122471; R01NS125693; R01NS125693; R01NS125693; T32NS115706; T32NS115706; T32NS115706; T32NS115706; R01MH077694; T32NS115706; T32NS115706; R01NS125693; R01MH119435; R01MH119435; R01MH119435; R01MH119435; R56MH119435; R01MH077694; R01MH077694; R01MH077694; R01MH077694; R01MH105360; R01MH105360; R01MH077694; R01MH077694; R01NS118995; R01NS118995; R01NS118995; R01NS118995; R01MH077694; R01NS118995; R01NS075188; R01MH077694; R01MH077694; R01MH077694; R01MH077694; R01MH077694; R01DA017627; R01DA017627; R01DA017627; R01NS118995; R01MH066084; R01MH066084; R01MH066084; R01DA017627,
Denise Montell,2,UCSB,50,23809307,0,0,DP1CA300850; DP1CA300850; DP1CA195760; DP1CA195760; DP1CA195760; DP1CA195760; DP1CA195760; R01GM046425; R01GM046425; R01GM046425; R01GM046425; R01GM046425; R01GM046425; R01GM046425; R01GM046425; R01GM046425; R01GM046425; R01GM046425; R01GM046425; R01GM046425; R01GM046425; R01GM046425; R01GM046425; R01GM046425; R01GM046425; R01GM046425; R01GM046425; R01GM073164; R01GM073164; R01GM073164; R01GM073164; R01GM073164; R01GM073164; R01GM073164; R01GM073164; R01GM073164; R01GM073164; R01GM073164; R01GM073164; R01GM073164; R01AG063907; R01GM046425; R01GM046425; R01GM046425; R01GM046425; R01GM073164; R01AG063907; R01AG063907; R01AG063907; R01AG063907,
Bo Liu,37,"Department of Plant Biology, UC Davis",50,20563383,3,2425765,KL2TR002374; KL2TR002374; KL2TR002374; KL2TR002374; R01HL088447; R01HL158073; R01HL149404; R01HL088447; R01HL149404; R01HL158073; R01HL088447; R01HL149404; R01HL149404; R01HL158073; R01HL158073; R01HL088447; R01HL088447; R01HL122562; R01HL088447; R01HL088447; R01CA266269; R01HL088447; R01CA266269; R01HL122562; R01CA266269; R01HL141181; R01HL122562; R01HL122562; R01CA266269; R01CA201011; R01CA201011; R01CA201011; R01CA201011; R01CA201011; R01CA081357; R01HL081424; R01CA081357; R01CA081357; R01CA113831; R01CA081357; R01CA113831; R01CA113831; R01CA113831; R01CA113831; R21HL121493; R01CA081357; R21HL121493; R01HL088447; R01HL081424; R03CA181918,2451516; 2416267; 2148207
Nipavan chiamvimonvat,1,"University of California, Davis, Division of Cardiology",50,22716909,0,0,R01HL170520; R01HL085727; R01HL085727; R01HL085727; R01HL085727; R01HL085844; R01HL085844; R01HL137228; R01HL085844; R01HL085844; R01HL170520; T32HL086350; R01HL137228; R01HL137228; R01HL137228; R01HL085844; R01HL085844; R01HL085844; R01HL085844; T32HL086350; T32HL086350; T32HL086350; T32HL086350; T32HL086350; T32HL086350; S10OD010389; T32HL086350; T32HL086350; R01HL085727; R01HL085844; T32HL086350; R01HL085727; R01HL085844; R01HL085844; R01HL085727; R01HL085844; R01HL085844; R01HL085727; R01HL085727; R01HL085727; R01HL085844; R01HL085727; R01HL085844; R01HL085844; R01HL075274; R01HL075274; R01HL085727; R01HL075274; R01HL075274; P42ES004699,
Mark Winey,2,UC Davis,50,21589525,0,0,P01GM105537; P01GM105537; P01GM105537; P01GM105537; P01GM105537; P01GM105537; S10OD011963; R01GM074746; R01GM074746; R01GM051312; R01GM051312; R01GM051312; R01GM051312; R01GM127571; R01GM051312; R01GM127571; R01GM051312; R01GM127571; R01GM051312; R01GM051312; R01GM051312; R01GM051312; R01GM051312; R01GM051312; R01GM127571; R01GM127571; R01GM127571; R01GM127571; R01GM051312; R01GM074746; P01GM105537; R01GM051312; P01GM105537; P01GM105537; R01GM074746; R01GM074746; R01GM074746; R01GM051312; R01GM051312; R01GM074746; R01GM074746; R01GM059992; R01GM059992; R01GM059992; R01GM059992; R01GM051312; P01GM105537; P01GM105537; R01GM051312; R01GM051312,
Janine LaSalle,4,UCDavis,50,21493543,0,0,R01HD112991; R01HD112991; R01HD112991; R01AA027075; R01AA027075; R01AA027075; R01AA027075; R01AA027075; R56NS076263; R01HD098038; R01HD098038; R01HD098038; R01ES029213; S10RR024747; R01HD098038; R01ES029213; R01HD098038; R01ES029213; R01ES029213; R01ES029213; R01ES015171; R01ES015171; R01ES015171; R01ES021707; R01ES015171; R01NS081913; R01ES021707; R01HD048799; R01HD048799; R01NS081913; R01NS081913; R01HD048799; R01ES021707; R01HD048799; R01HD048799; R01NS081913; R01NS081913; R01ES021707; R01ES021707; R01HD041462; R01NS076263; R01NS076263; R01NS076263; R01HD041462; R01NS076263; R01NS076263; R01HD041462; R01HD041462; R01HD041462; R01HD041462,
Andrew Dillin,1,"University of California, Berkeley",50,20955886,0,0,R01ES021667; RC2AG036634; T32GM007127; RC2AG036634; T32GM007127; RC1AG036024; RC1AG036024; R01AG027463; R01AG027463; R01AG027463; R01AG027463; R37AG024365; R37AG024365; R37AG024365; R37AG024365; R37AG024365; R37AG024365; R01AG027463; R01DK070696; R01AG059566; R01AG059566; R01AG059566; R01AG059566; R01AG059566; R01DK070696; R01AG082797; P01AG031097; R01AG082797; R37AG024365; R01AG082797; R01DK070696; R37AG024365; P01AG031097; R01DK070696; R01DK070696; R37AG024365; P01AG031097; P01AG031097; R37AG024365; R01ES021667; R01ES021667; R01ES021667; P01AG031097; R01ES021667; R01ES021667; R01ES021667; R01ES021667; R01ES021667; R01ES021667; R01AG024365,
Zach Ma,3,UCSB,50,19565989,3,1337801,R24OD039745; R01AI148787; R01DA064130; R01AI148787; R01AI148787; R01AI148787; R01AI148787; R01AI148787; R01CA238217; R01CA238217; R01AI137112; R01AI137112; R01AI137112; R01AI137112; R01AI137112; R21AI188026; R01CA238217; R21AI191166; R01CA238217; R01AI085091; R01CA238217; R01AI085091; R01DC006104; R01DC006104; R01AI085091; R01DC006104; R01AI085091; R01DC006104; R01DC006104; R01AI085091; R43AI106112; K08CA256045; R21CA274044; R01HL024230; R01HL024230; K76AG059929; R21AI115138; R21AI099843; K76AG059929; R21AI072038; K76AG059929; R21AI071208; R21CA274044; K08CA256045; K08CA256045; K08CA256045; R01HL024230; R21AI099843; R21AI072038; K01DA057395,2612510; 2313956; 2223251
Wolf-Dietrich Heyer,1,"Department of Microbiology and Molecular Genetics, UC Davis",50,19363632,0,0,R01HD109322; R01HD109322; R01HD109322; R01CA154920; R01CA154920; R01CA154920; R01CA154920; R01CA154920; R01CA273911; R01CA273911; R01CA273911; R01GM058015; R01GM058015; R01GM058015; R01GM058015; R01CA092276; R01CA092276; R01GM058015; R01GM058015; R01GM058015; R01GM058015; R01GM058015; R01GM058015; R01GM058015; R01GM058015; R01GM058015; R01GM058015; R01GM058015; R01GM058015; R01GM058015; R01GM058015; T32CA108459; R01GM058015; R01GM058015; R01GM137751; R01GM137751; R01GM137751; R01GM137751; R01GM058015; R01CA092276; R01CA092276; R01CA092276; R01CA092276; R35GM157976; R01GM058015; R01CA092276; T32CA108459; T32CA108459; T32CA108459; R01GM058015,
Benjamin Tu,2,Howard Hughs Medical Center,50,19111108,0,0,R01GM104047; R01GM104047; R01GM104047; R01CA185169; R01CA185169; R01CA185169; R01CA185169; R01CA185169; R01GM104047; R01GM104047; R21DE035244; T32GM156537; R43DE033567; R35GM136370; R35GM136370; R35GM136370; R35GM136370; R35GM136370; R21CA293623; R35GM136370; R01GM094314; R01GM094314; R01GM094314; R01GM094314; R01NS115546; R01NS115546; R01NS115546; R01NS115546; R01NS115546; R01GM135331; R01GM135331; R01GM135331; R01GM135331; R01GM102262; R01GM102262; R01GM102262; R35GM153265; R35GM153265; R01GM102262; R01GM102262; R01GM102262; R01GM102262; R01GM105947; R01GM105947; R01GM105947; R01GM105947; R01GM094314; R01GM102262; R01GM102262; R01GM102262,
Hei Sook Sul,1,University of California - Berkeley,50,19033251,0,0,R01DK140318; R01DK140318; R01DK134757; R01DK134757; R01DK134757; R01DK123843; R01DK123843; R01DK123843; R01DK123843; R01DK112824; R01DK112824; R01DK112824; R01DK112824; R01DK112824; R01DK095338; R01DK123843; R01DK120075; R01DK123844; R01DK120075; R01DK123844; R01DK123844; R01DK120075; R01DK123844; R01DK123844; R01DK120075; R01DK050828; R01DK036264; R01DK095338; R01DK081098; R01DK081098; R01DK081098; R01DK081098; R01DK112824; R01DK095338; R01DK095338; R01DK068439; R01DK068439; R01DK093928; R01DK095338; R01DK093928; R01DK068439; R01DK093928; R01DK050828; R01DK050828; R01DK050828; R01DK093928; R01DK068439; R01DK081098; R01DK081098; R01DK050828,
Christopher Chang,1,UC Berkeley,50,18717539,0,0,T32GM066698; R01ES028096; R01ES028096; R01ES028096; T32GM066698; R01ES028096; T32GM066698; R01GM079465; T32GM066698; R01ES028096; R01GM079465; T32GM066698; R01GM079465; R01GM079465; R01GM139245; R01GM139245; T32GM066698; T32GM066698; T32GM066698; R01GM079465; R01GM079465; R01GM079465; R01GM139245; R01GM139245; R01GM139245; R01GM139245; R01GM079465; T32GM066698; R01ES028096; T32GM066698; R01GM079465; R01GM079465; R01GM079465; R01GM079465; R01ES028096; R01GM079465; R01ES028096; R01ES028096; R01GM079465; R01ES028096; R01GM079465; R01GM079465; R01GM079465; R01GM079465; R01GM079465; R01GM079465; R01GM079465; R01GM079465; K08DK061547; K08DK061547,
Alfredo Quinones-Hinojosa,1,Mayo Clinic Florida,49,18161765,0,0,R01NS129671; R01CA200399; R01CA200399; R01NS129671; R01CA200399; R01CA200399; R01NS129671; R01CA200399; R01CA284268; R01CA284268; R01CA284268; R01NS070024; R01CA216855; R01NS070024; R01NS070024; R01CA216855; R01CA216855; R01CA216855; R01NS070024; R01CA216855; R01NS070024; R01CA282451; R01CA282451; R01CA282451; R33CA240181; R33CA240181; R01CA195503; R01CA195503; R01CA195503; R01CA195503; R01CA195503; R01CA183827; R01CA183827; R01CA183827; R01CA183827; R01CA183827; R43CA221490; K08NS055851; K08NS055851; K08NS055851; K08NS055851; K08NS055851; R01CA183827; R01CA183827; R01CA195503; R01NS070024; F32NS047011; R01CA195503; R01CA195503,
Wilfried Rossoll,2,Mayo Clinic,25,17193124,0,0,RF1AG068581; RF1AG076122; R01AG068581; R01AG077771; R01AG076122; R01AG077771; R01AG077771; R01AG077771; R33NS110960; RF1AG068581; R61NS110960; R33NS110960; R21AG085314; R01NS091749; R01NS091749; R01NS091749; R01NS091749; R01NS091749; RF1AG076122; R21NS066030; R21HD056130; R21NS066030; R21HD056130; R01NS091749; R01NS091749,
Xiaokun Shu,1,"555 Mission Bay Blvd South  CVRB, 452Y (office); 484 (lab)",27,17154960,0,0,DP2GM105446; U01DK127421; U01DK127421; U01DK127421; U01DK127421; U01DK127421; R01CA279180; R01CA279180; R35GM131766; R35GM131766; R35GM131766; R35GM131766; R35GM131766; R35GM131766; R01CA258327; R01CA258327; R01CA258327; R01CA258327; R01CA258327; R01GM127664; R01GM127664; R01GM115399; R01GM115399; R01GM115399; R01GM115399; R35GM131766; R35GM131766,
Sean Morrison,1,"UT Southwestern Medical Center Dallas, Texas",50,16606847,0,0,U01CA228608; U01CA228608; U01CA228608; U01CA228608; R01HL097760; U54CA268072; R01DK083288; R01HL097760; R01HL097760; R01HL097760; U01CA228608; R01DK083288; R01DK118745; R01DK118745; R01DK118745; R01DK118745; R01DK118745; U54CA268072; R01NS040750; R01NS040750; R01NS040750; R37AG024945; R37AG024945; R37AG024945; R37AG024945; R01NS040750; R37AG024945; R37AG024945; U54CA268072; R37AG024945; R37AG024945; U54CA268072; R37AG024945; U54CA268072; R37AG024945; R01DK100848; R01DK100848; R01DK100848; R01NS040750; R01NS040750; R01NS040750; R01NS040750; R01NS040750; R21HD040760; R21HD040760; R01AG024945; R01AG024945; R01NS040750; R01NS040750; R01NS040750,
Eliza Bliss-Moreau,1,"UC Davis, dept. of Psychology",32,16503745,0,0,RF1AG063837; RF1AG078340; RF1AG078340; R56AG071486; R56AG071486; R33AG078471; R01HD096436; R01HD096436; R01HD096436; R01HD096436; R01HD096436; R21AG080198; R61AG078471; R61AG078471; R21MH112539; R21MH112539; R21HD086356; R21NS104692; R21AG058894; R21HD086356; R21AG058894; R21NS104692; K99MH101338; R01HD096436; R01HD096436; K99MH101338; R21HD086356; R21MH112539; F32MH087067; F32MH087067; F32MH087067; K99MH101338,
Yoshihiro Izumiya,7,University of California Davis,43,15439607,0,0,R01CA232845; R01CA232845; R01CA290700; R01CA232845; R01CA232845; R01CA232845; R01AI167663; R01AI167663; R01AI167663; R01AI167663; R01AI167663; R01DE035429; R01CA290700; R01DE025985; R01DE025985; R01DE025985; R01DE025985; R01DE025985; R01CA225266; R01CA225266; R01CA225266; R01CA225266; R01CA225266; U01EB021230; U01EB021230; U01EB021230; R01CA147791; R01CA147791; R01CA147791; R01CA147791; R01CA147791; R21AI147207; R21AI155515; R21CA299587; R21AI186385; R01CA232845; R21AI147207; R21AI155515; R21CA299587; P51RR000168; R21AI186385; R21AI186385; R13CA306450,
Yuanpei Li,1,UCDavis of biochemistry and molecular medicine,35,15409902,0,0,R01CA232845; R01CA294557; R01CA294557; R01CA232845; R01EB033677; R01EB033677; R01EB033677; R01EB033677; R01DE029237; R01DE029237; R01EB035416; R01DE029237; R01EB035416; R01DE029237; R01CA232845; R01CA232845; R01CA232845; R01DE029237; R01EB035416; R01CA199668; R01CA199668; R01CA199668; R01CA199668; R01CA199668; R01HD086195; R01HD086195; R01HD086195; R01HD086195; R01HD086195; R43HD084021; R01CA232845; U43CA184113; R01EB035416; R01EB035416; R01EB035416,
Peter Beal,1,"University of California, Davis",50,13742675,1,820000,R35GM141907; R35GM141907; R35GM141907; R35GM141907; R35GM141907; R01GM080784; R01GM061115; R01GM080784; R01GM080784; R01GM080784; R01GM080784; R01GM080784; R01GM061115; R01GM080784; R01GM061115; R01GM080784; R01GM061115; R01GM061115; R01GM061115; T32GM136597; R01GM061115; T32GM136597; R01GM061115; R01GM061115; R01GM057214; T32GM136597; T32GM136597; R01GM061115; R01GM080784; R01GM080784; R01GM080784; R01GM057214; R01GM057214; R01GM080784; T32GM136597; R01GM061115; R01GM061115; R01GM061115; R21AI049062; R01GM057214; R01GM061115; R01GM057214; R01GM057214; R01GM057214; T32GM113770; T32GM113770; T32GM113770; R01GM061115; R01GM061115; R01GM061115,2315296
Jeroen Saeij,2,UC Davis,44,14456932,0,0,R01AI173803; R01AI173803; R01AI173803; T32OD011147; T32OD011147; R01AI166715; R01AI166715; U54AI057159; R01AI166715; R01AI166715; R01AI080621; R01AI080621; R01AI080621; R01AI080621; T32OD011147; R01AI080621; R01AI080621; U54AI057159; R01AI080621; R01AI080621; T32OD011147; R01AI080621; R21AI114930; R21EY031799; R21AI149071; R21AI151084; R21AI151081; R21AI139387; R21AI150326; R21EY024593; R21AI170420; R21AI170976; R21AI151081; R21AI151084; R21AI139387; R21AI150326; R21AI149071; R21EY024593; R21AI114930; R21EY031799; R21AI170420; R21AI170976; R01AI080621; R21EY024593,
Kiran Bhaskar,1,University of New Mexico (Molecular Genetics Microbiology),20,13363055,0,0,RF1NS083704; RF1AG072703; U01AG088557; U01AG088557; R01AG072703; P30AG086404; P30AG086404; P20AG068077; R01NS083704; R01NS083704; R01NS083704; R01NS083704; P20AG068077; P20AG068077; R21NS093442; R21NS077089; R21NS093442; R21NS077089; R01NS083704; R21NS077089,
Maria Marco,1,"University of California, Davis",29,12984423,0,0,R01DA058405; R01DA058405; R01DA058405; R01DA059344; R33DA059924; R01DA059344; R61DA059924; R61DA059924; R01DA036164; R01DA036164; R01DA036164; R01DA036164; R01DA036164; R01DA047822; R01DA047822; R01DA047822; R01DA047822; R01DA047822; R21AG054240; R21DA029491; R21AG054240; R21DA029491; R03DA027936; R03DA027936; R13AT012427; R01DA036164; R01DA047822; R01DA036164; R21AG054240,
William Ridgway,2,"Chief, Division of Rheumatology, Allergy, and Clinical Immunology",37,12878822,0,0,R01DK136815; R01DK136815; R01DK136815; R01DK107541; R01DK107541; R01DK107541; R01DK107541; R01DK107541; R01DK090019; R01DK107541; R01DK090019; R01DK090019; R01DK090019; R01DK090019; R01DK107541; R01DK107541; R01DK107541; R01DK107541; R01DK090019; R01DK090019; R01DK090019; R01DK060714; R21AI120084; R01DK060714; R01DK060714; R01DK060714; R21AI120084; I01BX003821; I01BX003821; I01BX003821; I01BX000827; I01BX003821; I01BX003821; I01BX000827; I01BX003821; I01BX000827; I01BX000827,
Aijun Wang,13,UC Davis Department of Surgery,32,12133835,0,0,R01NS144390; R01EB033389; R01EB033389; R01EB033389; R01EB034279; R01EB034279; R01EB034279; R01EB034279; R01EB033389; R01NS115860; R01NS115860; R01NS115860; R01NS115860; R01NS115860; R01NS131538; R01NS131538; R21NS133881; R01NS100761; R01NS100761; R01NS100761; R01NS100761; R01NS100761; R21HD107324; R21HD097467; R21HD107324; R21HD097467; R01EB034279; R01EB033389; R03HD091601; R03HD091601; R01EB034279; R01EB034279,
Elena Goncharova,4,University of California Davis,27,12092322,0,0,R01HL172488; R01HL150638; R01HL172488; R01HL150638; R01HL150638; R01HL150638; R01HL172488; T32HL007013; R01HL130261; R01HL130261; R01HL130261; R01HL130261; R01HL113178; T32HL007013; R01HL113178; R01HL130261; R01HL113178; R01HL113178; R01HL130261; R01HL130261; R01HL130261; R01HL113178; R01HL113178; R01HL113178; R01HL113178; R01HL130261; R01HL113178,
elena goncharova,1,"University of California, Davis",27,12092322,0,0,R01HL172488; R01HL150638; R01HL172488; R01HL150638; R01HL150638; R01HL150638; R01HL172488; T32HL007013; R01HL130261; R01HL130261; R01HL130261; R01HL130261; R01HL113178; T32HL007013; R01HL113178; R01HL130261; R01HL113178; R01HL113178; R01HL130261; R01HL130261; R01HL130261; R01HL113178; R01HL113178; R01HL113178; R01HL113178; R01HL130261; R01HL113178,
Javid Moslehi,1,University of California San Francisco,20,11870489,0,0,R01HL155990; R01HL156021; R01HL156021; R01HL156021; R01HL156021; R01HL156021; R01HL141466; R01HL141466; R01HL141466; R01HL141466; R01HL141466; R01HL155990; R01HL155990; R01HL155990; R56HL141466; R01HL155990; K08HL097031; K08HL097031; K08HL097031; K08HL097031,
Shuta Ishibe,2,Yale University,44,11722388,0,0,R01DK093629; R01DK093629; R01DK093629; R01DK083294; R01DK093629; R01DK093629; R01DK093629; R01DK093629; R01DK093629; R01DK083294; R01DK083294; R01DK083294; R01DK083294; R01DK083294; R01DK083294; R01DK083294; R01DK083294; R01DK093629; R01DK093629; R01DK093629; R01DK083294; R01DK093629; R01DK083294; R01DK083294; R01DK083294; R01DK083294; R01DK083294; R21AI178705; R21AI178705; R25DK121566; R25DK121566; R25DK121566; R25DK121566; R25DK121566; R25DK101408; R25DK101408; R25DK101408; R25DK101408; R25DK101408; P30DK079310; P30DK079310; P30DK079310; P30DK079310; P30DK079310,
Andrew Yang,2,UCSF,16,11711577,0,0,RF1NS139975; R01NS128909; R01NS128909; R01NS128909; DP5OD033381; DP5OD033381; DP5OD033381; DP5OD033381; C; R03AG079029; R03AG079029; F30CA278316; F30CA278316; F30CA278316; R01NS128909; DP5OD033381,
Angie Gelli,3,UC Davis,27,10957544,0,0,RF1AG056710; R56AI180052; U54NS127758; U54NS127758; U54NS127758; R01AI078848; R01NS110800; R01AI078848; R01AI078848; R01NS110800; R01NS110800; R01NS110800; R01NS110800; R01NS110800; U54NS127758; R01AI054477; R01AI054477; R01AI054477; R21AI122329; R21NS081074; R21AI122329; R21NS081074; R01AI054477; RF1AG056710; R01NS110800; R01NS110800; R01NS110800,
Michelle O'Malley,4,"Department of Chemical Engineering, University of California, Santa Barbara",2,540672,2,9980000,R43MH119906; R43MH119906,2400327; 2128271
Randy Carney,5,"University of California, Davis",23,9546863,1,400236,R01CA273253; R01CA273253; R01EB033389; R01EB033389; R01CA273253; R01EB033389; R01EB034279; R01EB034279; R01EB034279; R01CA241666; R01EB034279; R01EB033389; R01CA241666; R01CA241666; R01CA241666; R01CA241666; R01EB034279; R01CA273253; R01CA273253; R01EB033389; R01CA273253; R01EB034279; R01EB034279,2238995
Guo Huang,1,University of California San Francisco,27,9476441,1,447276,R01HL138456; R01HL138456; R01HL138456; R01HL138456; R01HL160819; R01HL160819; R01HL160819; R01HL160819; R01HL160819; R01HL138456; R01HL138456; R01HL138456; R01HL138456; R01HL138456; R00HL114738; R00HL114738; R00HL114738; K22CA248849; K22CA248849; K22CA248849; K99HL114738; K99HL114738; R01HL160819; R01HL160819; R01HL138456; R01HL160819; R01HL138456,2410019
Scott Dixon,2,Stanford University,29,9870612,0,0,R01NS143119; R01NS121319; R01CA285740; R01CA285740; R01NS121319; R01NS121319; R01NS121319; R01NS121319; R01CA272485; R01CA272485; R01CA272485; R01GM122923; R01GM122923; R01GM122923; R01GM122923; R01GM122923; R01GM122923; R01GM122923; R01GM122923; R01GM122923; R00CA166517; R00CA166517; R00CA166517; R01GM122923; K99CA166517; K99CA166517; R01GM122923; R01GM122923; R01GM122923,
Carrie Partch,3,"University of California, Santa Cruz",36,9868434,0,0,R35GM141849; R35GM141849; R35GM141849; R35GM141849; R35GM141849; R01GM107069; R01GM107069; R01GM107069; R01GM121507; R01GM121507; R01GM121507; R01GM121507; R01GM107069; R01GM107069; R01GM107069; R01GM107069; R01GM107069; R01GM121507; R35GM141849; R35GM141849; R35GM141849; R35GM141849; R01GM107069; R01GM107069; R01GM107069; R01GM107069; R35GM141849; R35GM141849; F32CA130441; F32CA130441; F32CA130441; F31MH070151; F31MH070151; R13NS122452; R35GM141849; F31MH070151,
Aldrin Gomes,6,UC davis,26,9751252,0,0,T32GM135741; T32GM135741; T32GM135741; T34GM136469; T34GM136469; T34GM136469; T34GM136469; R25GM056765; T32GM135741; R25GM056765; R25GM056765; R01HL096819; R01HL096819; R01HL096819; R01HL096819; R01HL096819; T32GM135741; R13GM154471; T32GM135741; T34GM136469; T34GM083894; T34GM083894; T32GM135741; T34GM136469; T34GM083894; T32GM135741,
Aras Mattis,3,UCSF,16,9733767,0,0,RC2DK136052; RC2DK136052; RC2DK136052; R01DK132129; R01DK132129; R01DK132129; R01DK130391; R01DK130391; R01DK130391; R01DK130391; K08DK098270; K08DK098270; K08DK098270; K08DK098270; K08DK098270; K08DK098270,
Thomas Weimbs,2,UCSB,38,9566724,0,0,R01DK124895; R01DK124895; R01DK124895; R01DK124895; R01DK124895; R01DK109563; R01DK109563; R01DK109563; R01DK109563; R01DK062338; R01DK062338; R01DK062338; R01DK062338; R01DK062338; R01DK078043; R01GM066785; R01DK078043; R01DK078043; R01DK078043; R01GM066785; R01DK078043; R01GM066785; R01GM066785; R01DK062338; R01DK062338; R01DK062338; R21DK095248; R01DK062338; R21DK095248; R01GM066785; R21CA100078; R21CA100078; R01DK062338; R01GM066785; R01DK078043; R01DK062338; R21CA100078; R01DK078043,
Scott Dawson,1,UC Davis,24,8627191,1,516336,R01AI189927; R01AI189927; R01AI077571; R01AI077571; R01AI077571; R01AI077571; R01AI077571; R01AI077571; R01AI077571; R01AI077571; R01AI077571; R01AI077571; R01AI077571; R01AI077571; R01AI077571; R01AI077571; R21AI178544; R21AI138150; R21AI119791; R21AI119791; R21AI178544; R21AI138150; R01AI077571; R01AI077571,2238770
Fuzheng Guo,1,"Department of Neurology, UC Davis, School of Medicine",21,8569438,0,0,R01NS134887; R01NS134887; R01NS134887; R01NS123165; R01NS123165; R01NS123165; R01NS123165; R01NS123080; R01NS123080; R01NS123080; R01NS123080; R21NS125464; R01NS123080; R01NS094559; R01NS094559; R01NS094559; R01NS094559; R21NS109790; R21NS093559; R21NS109790; R01NS094559,
Dominic Raj,1,"The George Washington University- SMHS Washington, D.C.",26,8434404,0,0,R01DK125256; R01DK125256; R01DK073665; R01DK125256; R01DK073665; R01DK073665; R01DK073665; R01DK073665; U01DK099914; U01DK099914; R01DK125256; U01DK099914; U01DK099924; U01DK099914; U01DK099914; U01DK099924; U01DK099924; U01DK099924; U01DK099924; R21AG021560; R21AG021560; M01RR000997; M01RR000997; M01RR000997; M01RR000997; U01DK099924,
Alex Nord,2,UC Davis,27,8344055,0,0,R01MH120513; R01MH120513; R35GM119831; R01MH120513; R01MH120513; R35GM119831; R35GM119831; R35GM119831; R01MH120513; R35GM119831; R35GM119831; R35GM119831; R35GM119831; R35GM119831; R35GM119831; R21MH126400; R21MH116681; R21MH132834; R21MH126413; R21DA058887; R21MH132834; R21MH116681; R21MH126400; R21MH126413; R21DA058887; F32GM105202; F32GM105202,
Karen Zito,1,UC Davis Center for Neuroscience,23,8017204,0,0,R01NS137635; R01NS137635; U01NS103571; U01NS103571; U01NS103571; R56MH139176; R01NS062736; R01NS062736; R01NS062736; R01NS062736; R01NS062736; R01NS062736; R01NS062736; R01NS062736; R01NS062736; R01NS062736; T32MH112507; T32MH112507; U01NS103571; R01NS062736; R01NS062736; R01NS062736; R13NS110205,
Yoshikazu Takada,1,UC Davis sch of medicine,36,7607781,0,0,R01CA131015; R01CA131015; R01CA131015; R01CA131015; R01GM049899; R01GM047157; R01GM047157; R01GM049899; R01GM049899; R01GM049899; R01GM047157; R01GM047157; R01GM047157; R01GM047157; R01GM049899; R01GM047157; R01GM047157; R01GM049899; R01GM049899; R01GM047157; R01GM047157; R21AG027350; R01GM049899; R01GM047157; R01GM047157; R01GM047157; U19CA113298; U19CA113298; U19CA113298; R21AG027350; U19CA113298; U19CA113298; P51RR000169; P51RR000169; P51RR000169; P51RR000169,
yoshikazu takada,1,UC Davis,36,7607781,0,0,R01CA131015; R01CA131015; R01CA131015; R01CA131015; R01GM049899; R01GM047157; R01GM047157; R01GM049899; R01GM049899; R01GM049899; R01GM047157; R01GM047157; R01GM047157; R01GM047157; R01GM049899; R01GM047157; R01GM047157; R01GM049899; R01GM049899; R01GM047157; R01GM047157; R21AG027350; R01GM049899; R01GM047157; R01GM047157; R01GM047157; U19CA113298; U19CA113298; U19CA113298; R21AG027350; U19CA113298; U19CA113298; P51RR000169; P51RR000169; P51RR000169; P51RR000169,
Connie Tam,1,Cleveland Clinic,18,7512870,0,0,R01EY031463; R01EY031463; R01EY031463; R01EY031463; R01EY030577; R01EY030577; R01EY030577; R01EY030577; R01EY030111; R01EY030111; R01EY023000; R01EY030111; R01EY030111; R01EY023000; R01EY023000; R01EY023000; R01EY023000; R01EY023000,
Eamonn Dickson,6,"UC Davis, School of Medicine, Department of Physiology and Membrane Biology",15,6926453,0,0,RF1NS131379; R01NS131379; R01NS114210; R01NS131375; R01NS131375; R01NS131375; R35GM149211; R35GM149211; R01NS131375; R01GM127513; R01GM127513; R01GM127513; R01GM127513; R01GM127513; R35GM149211,
Sean Burgess,1,"University of California, Davis",21,6903994,0,0,R01GM075119; R01GM075119; R01GM075119; R35GM145244; R35GM145244; R35GM145244; R35GM145244; R01GM075119; R01GM075119; R01GM075119; R01GM075119; R01GM075119; R01GM075119; R01GM075119; R01GM075119; R01GM075119; R01GM075119; R35GM145244; R01GM075119; R01GM075119; R35GM145244,
Vasanthy Narayanaswami,8,"California State University, Long Beach",31,6877868,0,0,T34GM149378; T34GM149378; T34GM149378; T34GM008074; T34GM008074; T34GM008074; T34GM008074; T34GM008074; T34GM008074; T34GM008074; T34GM008074; T34GM008074; T34GM008074; R25HL096365; R25HL096365; R25HL096365; R25HL096365; R25HL096365; R16NS140312; R16NS140312; R25HL125451; R25HL125451; SC3GM105561; SC3GM105561; SC3GM105561; SC3GM105561; SC3GM105561; SC3GM105561; SC3GM105561; SC3GM105561; T34GM008074,
Jian Jian Li,2,"UCDavis Medical center, Radiation Oncology  research Lab.",21,6553158,0,0,R01CA152313; R41CA272043; R01CA152313; R01CA152313; R01CA152313; R01CA213830; R01CA213830; R01CA213830; R01CA213830; R01CA152313; R01CA213830; R01CA133402; R01CA133402; R01CA133402; R01CA133402; R01CA133402; R01CA101990; R01CA101990; R01CA101990; R01CA101990; R01CA101990,
Jen-Chywan Wang,1,UC Berkeley,19,6529962,0,0,R01DK124866; R01DK124866; R01DK131194; R01DK131194; R01DK124866; R01DK131194; R01DK131194; R01DK124866; R01DK131194; R01DK083591; R01DK083591; R01DK113019; R01DK113019; R01DK113019; R01DK113019; R01DK083591; R01DK083591; R01DK083591; R01DK083591,
Amantha Thathiah,1,University of Pittsburgh,12,6506914,0,0,R01AG058851; R01AG058851; R01AG083877; R01AG083877; R01AG083877; R01AG058851; U19AG074866; R01AG058851; R01AG058851; R01AG058851; R01AG058851; R01AG058851,
Chengfei Liu,5,UC Davis,16,6312518,0,0,R44CA206668; R44CA206668; R01CA308808; R01CA251253; R01CA251253; R37CA249108; R37CA249108; R37CA249108; R01CA251253; R01CA251253; R37CA249108; R01CA251253; R37CA249108; R43CA206668; R21CA277171; R21CA277171,
Nicholas Mancuso,1,University of Southern California,10,6036379,0,0,R01HG012133; R01HG012133; R01HG012133; R01HG012133; R01HG012133; R01CA258808; R01CA258808; R01CA258808; R01CA258808; R01CA258808,
Cheemeng Tan,1,"Department of Biomedical Engineering, UC, Davis.",21,5768933,0,0,R01EB034279; R01EB034279; R01EB034279; R01EB034279; R35GM142788; R35GM142788; R35GM142788; R35GM142788; R35GM142788; R35GM142788; R21EB025938; R21CA267427; R21EB025938; R21EB025938; R21CA267427; R01EB034279; R35GM142788; R35GM142788; R01EB034279; R01EB034279; R35GM142788,
Gitta Coaker,6,UC Davis,18,5754725,0,0,R35GM136402; R35GM136402; R35GM136402; R35GM136402; R35GM136402; R35GM136402; R35GM136402; R01GM092772; R01GM092772; R01GM092772; R01GM092772; R01GM092772; R01GM092772; R01GM092772; R01GM092772; R01GM092772; R35GM136402; R35GM136402,
Isha Jain,15,Gladstone Institutes / UCSF,9,5252807,0,0,R01AT013724; R01HL179702; R01NS142087; R56AG088161; DP5OD026398; DP5OD026398; DP5OD026398; DP5OD026398; DP5OD026398,
Ben Montpetit,9,"University of California, Davis",9,3754681,1,1182158,R35GM145328; R35GM145328; R35GM145328; R35GM145328; R01GM124120; R01GM124120; R01GM124120; R01GM124120; R01GM124120,2140761
Michael Mandell,1,University of New Mexico,22,4595614,1,156849,R01AI155746; R01AI155746; R01AI155746; R01AI155746; R01AI155746; P20GM121176; P20GM121176; P20GM121176; P20GM121176; P20GM121176; R43GM064028; R21AI131964; R21AI131964; R43HL068332; R43CA079322; R43RR013527; R43RR016130; U54CA136465; U54CA136465; U54CA136465; U54CA136465; U54CA136465,2405030
Fawaz Haj,1,UC Davis,16,4648327,0,0,P42ES004699; R01DK095359; R01DK095359; R01DK095359; R01DK090492; R01DK090492; R01DK090492; R01DK090492; R01DK095359; R01DK090492; P42ES004699; P42ES004699; P42ES004699; P42ES004699; R56DK084317; P42ES004699,
Randy Schekman,2,"Li Ka Shing Center, University of California at Berkeley",26,4558230,0,0,R01GM026755; R01GM026755; R01GM026755; R01GM026755; R01GM026755; R01GM026755; R01GM026755; R01GM026755; R01GM026755; R01GM036881; R01GM026755; R01GM026755; R01GM026755; R01GM036881; R01GM026755; R01GM026755; R01GM026755; R01GM036881; R01GM026755; R01GM036881; R01GM026755; R01GM026755; R01GM036881; R01GM026755; R01GM026755; R01GM026755,
Siva Kolluri,1,Oregon State University,13,4465706,0,0,T32ES007060; T32ES007060; T32ES007060; T32ES007060; T32ES007060; T32ES007060; T32ES007060; T32ES007060; R21ES019000; R21CA249627; R21ES019000; R21CA249627; T32ES007060,
Clare Yellowley,2,"UC Davis, VM:APC",22,4405545,0,0,R01AR073772; R01AR073772; R01AR073772; R01AR073772; R01AR073772; R01AG022305; R01AG022305; R01AG022305; R01AG022305; R01AG022305; R21AR061604; R21AR061604; R03AR047154; R03AR047154; R03AR047154; R01AR073772; R01AR073772; R01AG022305; R01AG022305; F32AR008514; F32AR008514; F32AR008514,
Clare Yellowley-Genetos,1,VM:APC,22,4405545,0,0,R01AR073772; R01AR073772; R01AR073772; R01AR073772; R01AR073772; R01AG022305; R01AG022305; R01AG022305; R01AG022305; R01AG022305; R21AR061604; R21AR061604; R03AR047154; R03AR047154; R03AR047154; R01AR073772; R01AR073772; R01AG022305; R01AG022305; F32AR008514; F32AR008514; F32AR008514,
Chris Baek,1,"Yubeck, Inc.",13,4392017,0,0,R01DK060673; R01DK060673; R01DK094040; R01DK060673; R01DK094040; R01DK060673; R01DK060673; R01DK060673; R01DK060673; R01DK065743; R01DK065743; R01DK065743; R01DK065743,
Onn Brandman,2,Stanford University,14,4377549,0,0,R35GM153301; R01GM115968; R01GM115968; R01GM115968; R01GM115968; R01GM148526; R01GM148526; R01GM115968; R01GM115968; R01GM115968; R01GM115968; R01GM115968; R35GM153301; R01GM115968,
Konstantinos Zarbalis,1,Department of Pathology and Laboratory Medicine,12,4297052,0,0,R01HD107489; R01HD107489; R01HD107489; R01HD107489; R01DE022830; R01DE022830; R01DE022830; R01DE022830; R21MH115347; R21HD067855; R21MH115347; R21HD067855,
Christina Kim,8,UC Davis,7,4252194,0,0,UM1MH138543; DP2MH136588; DP2MH136588; R21DA059842; R21DA059842; F31DA041795; F31DA041795,
Priya Shah,7,"University of California, Davis",12,4206733,0,0,R01AI170857; R01AI170857; R01AI170857; R56AI170857; R21DC022716; R21DC022376; R01AI170857; R21AI168716; R21AI168716; R03NS130489; F32AI112262; F32AI112262,
Sona Kang,1,UC Berkeley,9,4047355,0,0,R01DK116008; R01DK116008; R01DK116008; R56NS128721; R01DK116008; R01DK116008; R01DK116008; R01DK116008; R01DK116008,
SONA KANG,1,UC Berkeley,9,4047355,0,0,R01DK116008; R01DK116008; R01DK116008; R56NS128721; R01DK116008; R01DK116008; R01DK116008; R01DK116008; R01DK116008,
Andreas Martin,1,UC Berkeley,15,4041813,0,0,R01GM094497; R01GM094497; R01GM094497; R01GM094497; R01GM094497; R01GM094497; R01GM094497; R01GM094497; R01GM094497; R01GM094497; R01GM094497; R01GM094497; R01GM094497; R21DK055277; R21DK055277,
Blake Meyers,4,UCD,5,1962703,3,2070899,R01GM151302; R01GM151302; R01GM151302; P20RR015588; R01GM151302,2450802; 2514354; 2445607
Michael Polymenis,2,Texas A&M University,15,4032174,0,0,R01GM123139; R01GM123139; R01GM123139; R01GM123139; R01GM123139; R01GM123139; R01GM123139; R01GM123139; R01GM062377; R01GM062377; R01GM062377; R01GM062377; R01GM062377; R01GM123139; R01GM123139,
Sanjeevi Sivasankar,8,UC Davis,13,4032065,0,0,R01GM133880; R01GM133880; R01GM133880; R01GM133880; R01GM121885; R01GM121885; R01GM121885; R01GM121885; R01GM121885; R01GM121885; R01GM121885; R01GM121885; R01GM121885,
Denis Titov,1,UC Berkeley,4,3739125,0,0,DP2GM132933; R35GM152114; R35GM152114; R35GM152114,
Katherine Borkovich,1,University of California Riverside,23,3540538,0,0,R01GM086565; R01GM086565; R01GM086565; R01GM086565; R01GM048626; R01GM048626; R01GM048626; R01GM048626; R01GM048626; R01GM048626; R01GM048626; R01GM048626; R29GM048626; R29GM048626; R29GM048626; R29GM048626; R29GM048626; R01GM048626; F32GM011223; R01GM048626; F32GM011223; F32GM011223; R01GM048626,
Colleen Sweeney,1,"Department of Biochemistry and Molecular Medicine, UC Davis",18,3492169,0,0,R01ES036338; R01ES036338; R01CA118384; R01CA118384; R01CA118384; R01CA118384; R01CA118384; R01CA118384; R01CA118384; R01CA118384; R01CA118384; R01CA118384; R01CA118384; R01CA118384; R01CA118384; F32GM018460; F32GM018460; F32GM018460,
Cecilia Giulivi,2,UC Davis-School of Vet Med- Dept Molecular Biosciences,12,3480264,0,0,R56AI118926; RC1DK087307; RC1DK087307; S10RR023586; R21NS128751; R21HD086769; R21HD086769; R56AI118926; R15GM066768; R01ES012691; R03ES011407; R03ES011407,
Steven Bradfute,1,The University of New Mexico,2,3407726,0,0,U19AI181977; U19AI181977,
Scott Cameron,2,center for neuroscience,10,3274603,0,0,R01HL158801; R01HL158801; R01HL158801; R01HL158801; R01HL158801; K08HL128856; K08HL128856; K08HL128856; K08HL128856; K08HL128856,
Dean Scholl,2,Pylum Biosciences,10,3224757,0,0,R33AI121692; R33AI121692; R33AI121692; R21AI121692; R43AI084295; R43AI084295; R43AI084295; R21AI085318; R21AI085318; R21AI121692,
Soichiro Yamada,7,UC Davis,11,2991002,0,0,R01GM148706; R01GM148706; R01GM148706; R01GM148706; R01GM094798; R01GM094798; R01GM094798; R01GM094798; R01GM148706; R03EB021636; R03EB021636,
Gabriela Loots,2,"Department of Orthopaedic Surgery, UC Davis Health",10,2970637,0,0,R01DK075730; R01DK075730; R01DK075730; R01DK075730; R01DK075730; R01HG003963; R01HG003963; R01HG003963; R01HG003963; R56DK110145,
Michele La Merrill,1,UC Davis,10,2807938,0,0,R01ES024946; R01ES024946; R01ES024946; R01ES024946; R01ES024946; R00ES019919; R00ES019919; R00ES019919; K99ES019919; K99ES019919,
Chang-il Hwang,2,UC Davis,12,2764208,0,0,R37CA249007; R37CA249007; R37CA249007; R37CA249007; R37CA249007; R37CA249007; K22CA226037; K22CA226037; K22CA226037; F32CA180717; F32CA180717; F32CA180717,
Dan Kliebenstein,1,UC Davis Plant Sciences,0,0,2,2740716,,2434545; 2020754
Yukiko Nakano,2,UCSF,6,2738849,0,0,T32DE007306; R01DE027366; R01DE027366; R01DE027366; R01DE027366; R01DE027366,
Brian Staskawicz,1,UC Berkeley,10,2736523,0,0,R01GM069680; R01GM069680; R01GM069680; R01GM069680; R01GM069680; R01GM069680; R01GM069680; R01GM069680; R01GM069680; R01GM069680,
Judd Rice,1,USC,12,2503723,0,0,R01GM075094; R01GM075094; R01GM075094; R01GM075094; R01GM075094; R21HG012833; R21AR074649; R21HG012833; R21AR074649; F32GM064279; F32GM064279; F32GM064279,
Laura Dassama,2,Stanford University,11,2483883,0,0,R01HL173127; R01HL173127; R35GM150910; R35GM150910; R35GM150910; R35GM150910; R35GM150910; R35GM150910; F32GM110934; F32GM110934; F32GM110934,
Andrew Fisher,1,UCD,27,2364276,0,0,R01GM149799; R01GM149799; R01GM149799; R01GM149799; R01GM056774; R01GM056774; R01GM056774; R01GM056774; R01GM149799; R01GM149799; R03TW001219; R03TW001219; R03TW001219; F32AR008304; F32AR008304; R01GM056774; R01GM149799; P41RR001209; P41RR001209; P41RR001209; P41RR001209; P41RR001209; P41RR001209; P41RR001209; P41RR001209; P41RR001209; P41RR001209,
Taiyi Kuo,1,UC Davis,10,2241955,0,0,R01DK132227; R01DK132227; R01DK132227; R01DK132227; K01DK114372; K01DK114372; K01DK114372; K01DK114372; K01DK114372; K01DK114372,
Holly Moeller,1,UC Santa Barbara,0,0,3,2229573,,2344641; 2316522; 2237017
Adam Steinbrenner,2,University of Washington,3,1137106,1,702041,R35GM151272; R35GM151272; R35GM151272,2139986
Shaun McKinnie,1,"University of California, Santa Cruz",4,1491048,1,324771,R35GM147235; R35GM147235; R35GM147235; R35GM147235,2300891
Kristin Grimsrud,2,"University of California, Davis",11,1800920,0,0,U42OD012210; U2CDK135074; U2CDK092993; K01OD026608; K01OD026608; K01OD026608; K01OD026608; K01OD026608; U2CDK135074; U2CDK135074; U2CDK135074,
brett phinney,1,UCD,3,1691160,0,0,S10OD026918; S10OD021801; S10RR023642,
Vimal Selvaraj,5,Cornell University,5,1648316,0,0,R01DK110059; R01DK110059; R01DK110059; R01DK110059; R01DK110059,
Michael Alexanian,6,Gladstone Institutes,2,1615653,0,0,R01HL175312; R01HL181372,
Jennifer Cash,2,"University of California, Davis",5,1577420,0,0,R35GM146664; R35GM146664; R35GM146664; R35GM146664; R35GM146664,
Daniel Becker,6,University of Oklahoma,14,927559,1,611022,R15AI085559; R21AI190246; R03AI188200; D28PE013197; D28PE013197; D28PE013197; D28PE013197; D28PE013197; D28PE013197; D28PE013197; I01HX003729; I01HX003729; D28PE013197; D28PE013197,2508537
Shelbi Russell,1,University of California Santa Cruz,7,1503722,0,0,R35GM157189; R00GM135583; R00GM135583; R00GM135583; R35GM157189; K99GM135583; K99GM135583,
Nicholas Hawco,10,University of Hawaii,0,0,5,1432500,,2446524; 2421792; 2149070; 2049151; 2022969
Pratik Jagtap,1,University of Minnesota,5,1405799,0,0,U01CA288888; U01CA288888; R61CA291168; R21CA267707; R21CA267707,
Jeff Yoder,1,North Carolina State University,8,677380,1,645180,R21AI076829; R21AI076829; R03ES032532; R03ES032532; F32GM020231; F32GM020231; F32GM020231; F32GM063383,2419126
John Fagan,1,Health Research Institute,11,1315705,0,0,R01CA038655; R01CA038655; R01CA038655; R01CA038655; R01CA038655; R01CA038655; R01CA038655; K04CA001557; K04CA001557; K04CA001557; K04CA001557,
Joni Nikkanen,1,UC Berkeley,5,1311924,0,0,DP2AI184813; DP2AI184813; R00DK129763; K99DK129763; K99DK129763,
Justin Siegel,7,UC Davis,6,540366,2,758413,P42ES004699; P42ES004699; P42ES004699; P42ES004699; P42ES004699; P42ES004699,2328146; 2315767
Shota Atsumi,2,UC Davis,4,1237353,0,0,R01GM145842; R01GM145842; R01GM145842; R01GM145842,
Shahid Siddique,5,Entomology and Nematology,1,391364,1,796385,R35GM158083,2203286
David Stachura,2,SpecBio,6,1185881,0,0,R15DK114732; K01DK087814; K01DK087814; K01DK087814; K01DK087814; K01DK087814,
Heidi Reesink,1,School of Veterinary Medicine,8,1180170,0,0,K08AR068469; K08AR068469; K08AR068469; K08AR068469; K08AR068469; R03AR078961; R03AR078961; K08AR068469,
Dake Hao,2,UC Davis,2,1137207,0,0,R01AR085141; R01AR085141,
Paula Welander,2,Stanford University,0,0,2,1045831,,2550052; 1752564
Luke Wittenburg,4,UC Davis,7,898536,0,0,K01OD026526; K01OD026526; K01OD026526; K01OD026526; K01OD026526; R03OD031958; R03OD031958,
Jinhwan Kim,2,UC Davis Health- Surgery,4,877186,0,0,R00CA263016; R00CA263016; R00CA263016; K99CA263016,
Adema Ribic,1,University of Virginia,2,768909,0,0,R01MH140184; R01MH140184,
James Nunez,2,University of California Berkeley,2,764307,0,0,R35GM155044; R35GM155044,
Brandon Greene,1,University of California Santa Barbara,2,708310,0,0,R35GM154993; R35GM154993,
Jonathan Brent,1,University of Pittsburgh,3,624510,0,0,K08NS130146; K08NS130146; K08NS130146,
Heather Bischel,4,University of California Davis,0,0,1,529992,,2145613
Eric Schuur,1,Hepatx Corporation,4,452288,0,0,R43GM134809; R43DK139879; F32CA009294; F32CA009294,
Tino Pleiner,4,Stanford University School of Medicine,1,423500,0,0,R35GM162275,
Russell Hovey,4,university of california davis,3,390892,0,0,R21CA267427; R21CA267427; P20RR016462,
Joseph Tuscano,2,UC Davis Health,16,298314,0,0,K08CA077331; K08CA077331; K08CA077331; F35AI008691; F35AI008691; M01RR019975; I01BX000961; I01BX000961; I01BX004669; I01BX004669; I01BX004669; I01BX004669; I01BX004669; I01BX004669; I01BX000961; I01BX000961,
Augustine Saiz,2,UC Davis,1,169344,0,0,K08AR084594,
Daniela Barile,5,UC Davis,1,150000,0,0,R43HD083981,
Serafin Colmenares,1,UC Berkeley,3,149034,0,0,F32GM086111; F32GM086111; F32GM086111,
Janai Carr-Ascher,1,UC Davis,3,139152,0,0,F31CA136183; F31CA136183; F31CA136183,
Hanadie Yousef,1,Juvena Therapeutics,4,134393,0,0,F32AG051330; F32AG051330; F32AG051330; F32AG051330,
Savannah Free,2,UC Davis,3,123988,0,0,F31CA278419; F31CA278419; F31CA278419,
Brian Bird,3,One Health Institute - SVM,3,105900,0,0,F32HL008883; F32HL008883; F32HL008883,
Phung Thai,1,UC Davis,2,90700,0,0,F32HL149288; F32HL149288,
Maria Maldonado,1,"Plant Biology Department, UC Davis",4,0,0,0,U79SM061047; U79SM061047; U79SM061047; H79TI017830,
